Métrica,Treino,Teste (Falhas)
MAE (°C),0.11563036902358911,0.25345557664937934
RMSE (°C),0.15888079038934255,0.3303006377791693
R²,0.9979643633461436,0.9909152579167412
